--------------------------------------------------------
--  파일이 생성됨 - 일요일-11월-13-2022   
--------------------------------------------------------
--------------------------------------------------------
--  DDL for Table GOODS_CATEGORY
--------------------------------------------------------

  CREATE TABLE "MINI"."GOODS_CATEGORY" 
   (	"CATENAME" VARCHAR2(20 BYTE), 
	"CATECODE" VARCHAR2(30 BYTE), 
	"CATECODEREF" VARCHAR2(30 BYTE)
   ) SEGMENT CREATION IMMEDIATE 
  PCTFREE 10 PCTUSED 40 INITRANS 1 MAXTRANS 255 NOCOMPRESS LOGGING
  STORAGE(INITIAL 65536 NEXT 1048576 MINEXTENTS 1 MAXEXTENTS 2147483645
  PCTINCREASE 0 FREELISTS 1 FREELIST GROUPS 1 BUFFER_POOL DEFAULT FLASH_CACHE DEFAULT CELL_FLASH_CACHE DEFAULT)
  TABLESPACE "SYSTEM" ;
--------------------------------------------------------
--  DDL for Table TBL_CART
--------------------------------------------------------

  CREATE TABLE "MINI"."TBL_CART" 
   (	"CARTNUM" NUMBER, 
	"USERID" VARCHAR2(50 BYTE), 
	"GDSNUM" NUMBER, 
	"CARTSTOCK" NUMBER, 
	"ADDDATE" DATE DEFAULT sysdate
   ) SEGMENT CREATION IMMEDIATE 
  PCTFREE 10 PCTUSED 40 INITRANS 1 MAXTRANS 255 NOCOMPRESS LOGGING
  STORAGE(INITIAL 65536 NEXT 1048576 MINEXTENTS 1 MAXEXTENTS 2147483645
  PCTINCREASE 0 FREELISTS 1 FREELIST GROUPS 1 BUFFER_POOL DEFAULT FLASH_CACHE DEFAULT CELL_FLASH_CACHE DEFAULT)
  TABLESPACE "SYSTEM" ;
--------------------------------------------------------
--  DDL for Table TBL_GOODS
--------------------------------------------------------

  CREATE TABLE "MINI"."TBL_GOODS" 
   (	"GDSNUM" NUMBER, 
	"GDSNAME" VARCHAR2(50 BYTE), 
	"CATECODE" VARCHAR2(30 BYTE), 
	"GDSPRICE" NUMBER, 
	"GDSSTOCK" NUMBER, 
	"GDSDES" VARCHAR2(500 BYTE), 
	"GDSIMG" VARCHAR2(200 BYTE), 
	"GDSDATE" DATE DEFAULT sysdate, 
	"GDSTHUMBIMG" VARCHAR2(200 BYTE)
   ) SEGMENT CREATION IMMEDIATE 
  PCTFREE 10 PCTUSED 40 INITRANS 1 MAXTRANS 255 NOCOMPRESS LOGGING
  STORAGE(INITIAL 65536 NEXT 1048576 MINEXTENTS 1 MAXEXTENTS 2147483645
  PCTINCREASE 0 FREELISTS 1 FREELIST GROUPS 1 BUFFER_POOL DEFAULT FLASH_CACHE DEFAULT CELL_FLASH_CACHE DEFAULT)
  TABLESPACE "SYSTEM" ;
--------------------------------------------------------
--  DDL for Table TBL_MEMBER
--------------------------------------------------------

  CREATE TABLE "MINI"."TBL_MEMBER" 
   (	"USERID" VARCHAR2(50 BYTE), 
	"USERPASS" VARCHAR2(100 BYTE), 
	"USERNAME" VARCHAR2(30 BYTE), 
	"USERPHON" VARCHAR2(20 BYTE), 
	"USERADDR1" VARCHAR2(20 BYTE), 
	"USERADDR2" VARCHAR2(50 BYTE), 
	"USERADDR3" VARCHAR2(50 BYTE), 
	"REGIDATE" DATE DEFAULT sysdate, 
	"VERIFY" NUMBER DEFAULT 0
   ) SEGMENT CREATION IMMEDIATE 
  PCTFREE 10 PCTUSED 40 INITRANS 1 MAXTRANS 255 NOCOMPRESS LOGGING
  STORAGE(INITIAL 65536 NEXT 1048576 MINEXTENTS 1 MAXEXTENTS 2147483645
  PCTINCREASE 0 FREELISTS 1 FREELIST GROUPS 1 BUFFER_POOL DEFAULT FLASH_CACHE DEFAULT CELL_FLASH_CACHE DEFAULT)
  TABLESPACE "SYSTEM" ;
--------------------------------------------------------
--  DDL for Table TBL_ORDER
--------------------------------------------------------

  CREATE TABLE "MINI"."TBL_ORDER" 
   (	"ORDERID" VARCHAR2(50 BYTE), 
	"USERID" VARCHAR2(50 BYTE), 
	"ORDERREC" VARCHAR2(50 BYTE), 
	"USERADDR1" VARCHAR2(100 BYTE), 
	"USERADDR2" VARCHAR2(100 BYTE), 
	"USERADDR3" VARCHAR2(100 BYTE), 
	"ORDERPHON" VARCHAR2(30 BYTE), 
	"AMOUNT" NUMBER, 
	"ORDERDATE" DATE DEFAULT sysdate, 
	"DELIVERY" VARCHAR2(20 BYTE) DEFAULT '배송준비'
   ) SEGMENT CREATION IMMEDIATE 
  PCTFREE 10 PCTUSED 40 INITRANS 1 MAXTRANS 255 NOCOMPRESS LOGGING
  STORAGE(INITIAL 65536 NEXT 1048576 MINEXTENTS 1 MAXEXTENTS 2147483645
  PCTINCREASE 0 FREELISTS 1 FREELIST GROUPS 1 BUFFER_POOL DEFAULT FLASH_CACHE DEFAULT CELL_FLASH_CACHE DEFAULT)
  TABLESPACE "SYSTEM" ;
--------------------------------------------------------
--  DDL for Table TBL_ORDER_DETAILS
--------------------------------------------------------

  CREATE TABLE "MINI"."TBL_ORDER_DETAILS" 
   (	"ORDERDETAILSNUM" NUMBER, 
	"ORDERID" VARCHAR2(50 BYTE), 
	"GDSNUM" NUMBER, 
	"CARTSTOCK" NUMBER
   ) SEGMENT CREATION IMMEDIATE 
  PCTFREE 10 PCTUSED 40 INITRANS 1 MAXTRANS 255 NOCOMPRESS LOGGING
  STORAGE(INITIAL 65536 NEXT 1048576 MINEXTENTS 1 MAXEXTENTS 2147483645
  PCTINCREASE 0 FREELISTS 1 FREELIST GROUPS 1 BUFFER_POOL DEFAULT FLASH_CACHE DEFAULT CELL_FLASH_CACHE DEFAULT)
  TABLESPACE "SYSTEM" ;
--------------------------------------------------------
--  DDL for Table TBL_REPLY
--------------------------------------------------------

  CREATE TABLE "MINI"."TBL_REPLY" 
   (	"GDSNUM" NUMBER, 
	"USERID" VARCHAR2(50 BYTE), 
	"REPNUM" NUMBER, 
	"REPCON" VARCHAR2(2000 BYTE), 
	"REPDATE" DATE DEFAULT sysdate
   ) SEGMENT CREATION IMMEDIATE 
  PCTFREE 10 PCTUSED 40 INITRANS 1 MAXTRANS 255 NOCOMPRESS LOGGING
  STORAGE(INITIAL 65536 NEXT 1048576 MINEXTENTS 1 MAXEXTENTS 2147483645
  PCTINCREASE 0 FREELISTS 1 FREELIST GROUPS 1 BUFFER_POOL DEFAULT FLASH_CACHE DEFAULT CELL_FLASH_CACHE DEFAULT)
  TABLESPACE "SYSTEM" ;
REM INSERTING into MINI.GOODS_CATEGORY
SET DEFINE OFF;
Insert into MINI.GOODS_CATEGORY (CATENAME,CATECODE,CATECODEREF) values ('무기','100',null);
Insert into MINI.GOODS_CATEGORY (CATENAME,CATECODE,CATECODEREF) values ('돌격소총','101','100');
Insert into MINI.GOODS_CATEGORY (CATENAME,CATECODE,CATECODEREF) values ('기관단총','102','100');
Insert into MINI.GOODS_CATEGORY (CATENAME,CATECODE,CATECODEREF) values ('경기관총','103','100');
Insert into MINI.GOODS_CATEGORY (CATENAME,CATECODE,CATECODEREF) values ('산탄총','104','100');
Insert into MINI.GOODS_CATEGORY (CATENAME,CATECODE,CATECODEREF) values ('지정사수소총','105','100');
Insert into MINI.GOODS_CATEGORY (CATENAME,CATECODE,CATECODEREF) values ('저격소총','106','100');
Insert into MINI.GOODS_CATEGORY (CATENAME,CATECODE,CATECODEREF) values ('기타','107','100');
Insert into MINI.GOODS_CATEGORY (CATENAME,CATECODE,CATECODEREF) values ('탄','200',null);
Insert into MINI.GOODS_CATEGORY (CATENAME,CATECODE,CATECODEREF) values ('방어구','300',null);
Insert into MINI.GOODS_CATEGORY (CATENAME,CATECODE,CATECODEREF) values ('회복제','400',null);
REM INSERTING into MINI.TBL_CART
SET DEFINE OFF;
REM INSERTING into MINI.TBL_GOODS
SET DEFINE OFF;
Insert into MINI.TBL_GOODS (GDSNUM,GDSNAME,CATECODE,GDSPRICE,GDSSTOCK,GDSDES,GDSIMG,GDSDATE,GDSTHUMBIMG) values (14,'하나짜리다','107',12111,0,'123123123','\imgUpload\2022\11\13\ad118ffa-02c1-46f0-80b1-51a9e38e676f_3top1.jpg',to_date('22/11/13','RR/MM/DD'),'\imgUpload\2022\11\13\s\s_ad118ffa-02c1-46f0-80b1-51a9e38e676f_3top1.jpg');
Insert into MINI.TBL_GOODS (GDSNUM,GDSNAME,CATECODE,GDSPRICE,GDSSTOCK,GDSDES,GDSIMG,GDSDATE,GDSTHUMBIMG) values (2,'테스트입니다22','101',12344,32,'테스트입니다22 -- 내용만 수정 -- 이미지도 수정','\imgUpload\2022\11\08\ecddb106-dae8-48d8-8a2d-dc17b6f83324_3top2.jpg',to_date('22/11/08','RR/MM/DD'),'\imgUpload\2022\11\08\s\s_ecddb106-dae8-48d8-8a2d-dc17b6f83324_3top2.jpg');
Insert into MINI.TBL_GOODS (GDSNUM,GDSNAME,CATECODE,GDSPRICE,GDSSTOCK,GDSDES,GDSIMG,GDSDATE,GDSTHUMBIMG) values (12,'무기다','101',90000,23,'무기다','\imgUpload\2022\11\10\8932661a-3c83-4866-bbeb-a65e63e9a64a_25.jpg',to_date('22/11/10','RR/MM/DD'),'\imgUpload\2022\11\10\s\s_8932661a-3c83-4866-bbeb-a65e63e9a64a_25.jpg');
Insert into MINI.TBL_GOODS (GDSNUM,GDSNAME,CATECODE,GDSPRICE,GDSSTOCK,GDSDES,GDSIMG,GDSDATE,GDSTHUMBIMG) values (10,'돌격앞으로','101',99999,9,'앞으로 앞으로','\imgUpload\2022\11\10\afa6ceb0-2f0e-4740-9bd1-993602678094_30.jpg',to_date('22/11/10','RR/MM/DD'),'\imgUpload\2022\11\10\s\s_afa6ceb0-2f0e-4740-9bd1-993602678094_30.jpg');
REM INSERTING into MINI.TBL_MEMBER
SET DEFINE OFF;
Insert into MINI.TBL_MEMBER (USERID,USERPASS,USERNAME,USERPHON,USERADDR1,USERADDR2,USERADDR3,REGIDATE,VERIFY) values ('아이디','비밀번호','닉네임','전화번호',null,null,null,to_date('22/11/06','RR/MM/DD'),0);
Insert into MINI.TBL_MEMBER (USERID,USERPASS,USERNAME,USERPHON,USERADDR1,USERADDR2,USERADDR3,REGIDATE,VERIFY) values ('aaa@aaa.com','$2a$10$bbriz.BQCQe4u9KILoUUCOoMsmd8iM/70.12DfwA7K2/Bposs9SPS','admin','010-1111-2222',null,null,null,to_date('22/11/06','RR/MM/DD'),9);
Insert into MINI.TBL_MEMBER (USERID,USERPASS,USERNAME,USERPHON,USERADDR1,USERADDR2,USERADDR3,REGIDATE,VERIFY) values ('aodnsrhf@naver.com','$2a$10$qQnB7qcZknE8vg4ax3v2w.fv99I0e1RDhrzcnKBATHJjsVMFm44j6','9mori','010-2222-3333',null,null,null,to_date('22/11/06','RR/MM/DD'),9);
Insert into MINI.TBL_MEMBER (USERID,USERPASS,USERNAME,USERPHON,USERADDR1,USERADDR2,USERADDR3,REGIDATE,VERIFY) values ('bbb@bbb.com','1234','aaa','010-3333-4444',null,null,null,to_date('22/11/06','RR/MM/DD'),0);
Insert into MINI.TBL_MEMBER (USERID,USERPASS,USERNAME,USERPHON,USERADDR1,USERADDR2,USERADDR3,REGIDATE,VERIFY) values ('ccc@ccc.com','$2a$10$7jNmgo6GXsQZbYd.DQZVcezhLilb5AvBoxc.BmbJGO2fR2ozdc8OW','ccc','010-3333-4444',null,null,null,to_date('22/11/07','RR/MM/DD'),0);
REM INSERTING into MINI.TBL_ORDER
SET DEFINE OFF;
Insert into MINI.TBL_ORDER (ORDERID,USERID,ORDERREC,USERADDR1,USERADDR2,USERADDR3,ORDERPHON,AMOUNT,ORDERDATE,DELIVERY) values ('20221110_935348','aaa@aaa.com','나에게','000-000','대한민국','부산','010-1111-2222',112343,to_date('22/11/10','RR/MM/DD'),'배송 완료');
Insert into MINI.TBL_ORDER (ORDERID,USERID,ORDERREC,USERADDR1,USERADDR2,USERADDR3,ORDERPHON,AMOUNT,ORDERDATE,DELIVERY) values ('20221110_733908','aaa@aaa.com','나다임마','002-333','1123123','123123','010-4444-4444',112343,to_date('22/11/10','RR/MM/DD'),'배송준비');
Insert into MINI.TBL_ORDER (ORDERID,USERID,ORDERREC,USERADDR1,USERADDR2,USERADDR3,ORDERPHON,AMOUNT,ORDERDATE,DELIVERY) values ('20221110_146126','aaa@aaa.com','나다임마','333-333','대한민국','부산','010-1111-2222',112343,to_date('22/11/10','RR/MM/DD'),'배송 완료');
Insert into MINI.TBL_ORDER (ORDERID,USERID,ORDERREC,USERADDR1,USERADDR2,USERADDR3,ORDERPHON,AMOUNT,ORDERDATE,DELIVERY) values ('20221110_183907','aaa@aaa.com','123','123123','123123','123123','010-1233-1233',12344,to_date('22/11/10','RR/MM/DD'),'배송준비');
Insert into MINI.TBL_ORDER (ORDERID,USERID,ORDERREC,USERADDR1,USERADDR2,USERADDR3,ORDERPHON,AMOUNT,ORDERDATE,DELIVERY) values ('20221110_588316','aaa@aaa.com','테스트','테스트','테스트','테스트','테스트',112343,to_date('22/11/10','RR/MM/DD'),'배송준비');
Insert into MINI.TBL_ORDER (ORDERID,USERID,ORDERREC,USERADDR1,USERADDR2,USERADDR3,ORDERPHON,AMOUNT,ORDERDATE,DELIVERY) values ('20221110_496201','aaa@aaa.com','테스트','테스트','테스트','테스트','테스트',112343,to_date('22/11/10','RR/MM/DD'),'배송준비');
Insert into MINI.TBL_ORDER (ORDERID,USERID,ORDERREC,USERADDR1,USERADDR2,USERADDR3,ORDERPHON,AMOUNT,ORDERDATE,DELIVERY) values ('20221110_857281','aaa@aaa.com','테스트','테스트','테스트','테스트','테스트',112343,to_date('22/11/10','RR/MM/DD'),'배송준비');
Insert into MINI.TBL_ORDER (ORDERID,USERID,ORDERREC,USERADDR1,USERADDR2,USERADDR3,ORDERPHON,AMOUNT,ORDERDATE,DELIVERY) values ('20221113_137686','aaa@aaa.com','나다','010','2222','2222','010-7777-7777',12111,to_date('22/11/13','RR/MM/DD'),'배송 완료');
Insert into MINI.TBL_ORDER (ORDERID,USERID,ORDERREC,USERADDR1,USERADDR2,USERADDR3,ORDERPHON,AMOUNT,ORDERDATE,DELIVERY) values ('20221113_210314','ccc@ccc.com','김갑순','부산 해운대구 반여로 68-12','22332',' (반여동, 센텀롯데캐슬2차아파트)','010-4432-3223',12344,to_date('22/11/13','RR/MM/DD'),'배송준비');
REM INSERTING into MINI.TBL_ORDER_DETAILS
SET DEFINE OFF;
Insert into MINI.TBL_ORDER_DETAILS (ORDERDETAILSNUM,ORDERID,GDSNUM,CARTSTOCK) values (1,'20221110_935348',2,1);
Insert into MINI.TBL_ORDER_DETAILS (ORDERDETAILSNUM,ORDERID,GDSNUM,CARTSTOCK) values (2,'20221110_935348',10,1);
Insert into MINI.TBL_ORDER_DETAILS (ORDERDETAILSNUM,ORDERID,GDSNUM,CARTSTOCK) values (3,'20221110_733908',2,1);
Insert into MINI.TBL_ORDER_DETAILS (ORDERDETAILSNUM,ORDERID,GDSNUM,CARTSTOCK) values (4,'20221110_733908',10,1);
Insert into MINI.TBL_ORDER_DETAILS (ORDERDETAILSNUM,ORDERID,GDSNUM,CARTSTOCK) values (5,'20221110_146126',2,1);
Insert into MINI.TBL_ORDER_DETAILS (ORDERDETAILSNUM,ORDERID,GDSNUM,CARTSTOCK) values (6,'20221110_146126',10,1);
Insert into MINI.TBL_ORDER_DETAILS (ORDERDETAILSNUM,ORDERID,GDSNUM,CARTSTOCK) values (7,'20221110_183907',2,1);
Insert into MINI.TBL_ORDER_DETAILS (ORDERDETAILSNUM,ORDERID,GDSNUM,CARTSTOCK) values (8,'20221110_588316',2,1);
Insert into MINI.TBL_ORDER_DETAILS (ORDERDETAILSNUM,ORDERID,GDSNUM,CARTSTOCK) values (9,'20221110_588316',10,1);
Insert into MINI.TBL_ORDER_DETAILS (ORDERDETAILSNUM,ORDERID,GDSNUM,CARTSTOCK) values (10,'20221110_496201',2,1);
Insert into MINI.TBL_ORDER_DETAILS (ORDERDETAILSNUM,ORDERID,GDSNUM,CARTSTOCK) values (11,'20221110_496201',10,1);
Insert into MINI.TBL_ORDER_DETAILS (ORDERDETAILSNUM,ORDERID,GDSNUM,CARTSTOCK) values (12,'20221110_857281',2,1);
Insert into MINI.TBL_ORDER_DETAILS (ORDERDETAILSNUM,ORDERID,GDSNUM,CARTSTOCK) values (13,'20221110_857281',10,1);
Insert into MINI.TBL_ORDER_DETAILS (ORDERDETAILSNUM,ORDERID,GDSNUM,CARTSTOCK) values (14,'20221113_137686',14,1);
Insert into MINI.TBL_ORDER_DETAILS (ORDERDETAILSNUM,ORDERID,GDSNUM,CARTSTOCK) values (15,'20221113_210314',2,1);
REM INSERTING into MINI.TBL_REPLY
SET DEFINE OFF;
Insert into MINI.TBL_REPLY (GDSNUM,USERID,REPNUM,REPCON,REPDATE) values (14,'ccc@ccc.com',11,'약하다약해',to_date('22/11/13','RR/MM/DD'));
Insert into MINI.TBL_REPLY (GDSNUM,USERID,REPNUM,REPCON,REPDATE) values (12,'ccc@ccc.com',12,'약해보이는데?',to_date('22/11/13','RR/MM/DD'));
--------------------------------------------------------
--  DDL for Index SYS_C007009
--------------------------------------------------------

  CREATE UNIQUE INDEX "MINI"."SYS_C007009" ON "MINI"."GOODS_CATEGORY" ("CATECODE") 
  PCTFREE 10 INITRANS 2 MAXTRANS 255 COMPUTE STATISTICS 
  STORAGE(INITIAL 65536 NEXT 1048576 MINEXTENTS 1 MAXEXTENTS 2147483645
  PCTINCREASE 0 FREELISTS 1 FREELIST GROUPS 1 BUFFER_POOL DEFAULT FLASH_CACHE DEFAULT CELL_FLASH_CACHE DEFAULT)
  TABLESPACE "SYSTEM" ;
--------------------------------------------------------
--  DDL for Index SYS_C007367
--------------------------------------------------------

  CREATE UNIQUE INDEX "MINI"."SYS_C007367" ON "MINI"."TBL_CART" ("CARTNUM", "USERID") 
  PCTFREE 10 INITRANS 2 MAXTRANS 255 COMPUTE STATISTICS 
  STORAGE(INITIAL 65536 NEXT 1048576 MINEXTENTS 1 MAXEXTENTS 2147483645
  PCTINCREASE 0 FREELISTS 1 FREELIST GROUPS 1 BUFFER_POOL DEFAULT FLASH_CACHE DEFAULT CELL_FLASH_CACHE DEFAULT)
  TABLESPACE "SYSTEM" ;
--------------------------------------------------------
--  DDL for Index SYS_C007006
--------------------------------------------------------

  CREATE UNIQUE INDEX "MINI"."SYS_C007006" ON "MINI"."TBL_GOODS" ("GDSNUM") 
  PCTFREE 10 INITRANS 2 MAXTRANS 255 COMPUTE STATISTICS 
  STORAGE(INITIAL 65536 NEXT 1048576 MINEXTENTS 1 MAXEXTENTS 2147483645
  PCTINCREASE 0 FREELISTS 1 FREELIST GROUPS 1 BUFFER_POOL DEFAULT FLASH_CACHE DEFAULT CELL_FLASH_CACHE DEFAULT)
  TABLESPACE "SYSTEM" ;
--------------------------------------------------------
--  DDL for Index SYS_C007001
--------------------------------------------------------

  CREATE UNIQUE INDEX "MINI"."SYS_C007001" ON "MINI"."TBL_MEMBER" ("USERID") 
  PCTFREE 10 INITRANS 2 MAXTRANS 255 COMPUTE STATISTICS 
  STORAGE(INITIAL 65536 NEXT 1048576 MINEXTENTS 1 MAXEXTENTS 2147483645
  PCTINCREASE 0 FREELISTS 1 FREELIST GROUPS 1 BUFFER_POOL DEFAULT FLASH_CACHE DEFAULT CELL_FLASH_CACHE DEFAULT)
  TABLESPACE "SYSTEM" ;
--------------------------------------------------------
--  DDL for Index SYS_C007378
--------------------------------------------------------

  CREATE UNIQUE INDEX "MINI"."SYS_C007378" ON "MINI"."TBL_ORDER" ("ORDERID") 
  PCTFREE 10 INITRANS 2 MAXTRANS 255 COMPUTE STATISTICS 
  STORAGE(INITIAL 65536 NEXT 1048576 MINEXTENTS 1 MAXEXTENTS 2147483645
  PCTINCREASE 0 FREELISTS 1 FREELIST GROUPS 1 BUFFER_POOL DEFAULT FLASH_CACHE DEFAULT CELL_FLASH_CACHE DEFAULT)
  TABLESPACE "SYSTEM" ;
--------------------------------------------------------
--  DDL for Index SYS_C007384
--------------------------------------------------------

  CREATE UNIQUE INDEX "MINI"."SYS_C007384" ON "MINI"."TBL_ORDER_DETAILS" ("ORDERDETAILSNUM") 
  PCTFREE 10 INITRANS 2 MAXTRANS 255 COMPUTE STATISTICS 
  STORAGE(INITIAL 65536 NEXT 1048576 MINEXTENTS 1 MAXEXTENTS 2147483645
  PCTINCREASE 0 FREELISTS 1 FREELIST GROUPS 1 BUFFER_POOL DEFAULT FLASH_CACHE DEFAULT CELL_FLASH_CACHE DEFAULT)
  TABLESPACE "SYSTEM" ;
--------------------------------------------------------
--  DDL for Index SYS_C007357
--------------------------------------------------------

  CREATE UNIQUE INDEX "MINI"."SYS_C007357" ON "MINI"."TBL_REPLY" ("GDSNUM", "REPNUM") 
  PCTFREE 10 INITRANS 2 MAXTRANS 255 COMPUTE STATISTICS 
  STORAGE(INITIAL 65536 NEXT 1048576 MINEXTENTS 1 MAXEXTENTS 2147483645
  PCTINCREASE 0 FREELISTS 1 FREELIST GROUPS 1 BUFFER_POOL DEFAULT FLASH_CACHE DEFAULT CELL_FLASH_CACHE DEFAULT)
  TABLESPACE "SYSTEM" ;
--------------------------------------------------------
--  Constraints for Table GOODS_CATEGORY
--------------------------------------------------------

  ALTER TABLE "MINI"."GOODS_CATEGORY" ADD PRIMARY KEY ("CATECODE")
  USING INDEX PCTFREE 10 INITRANS 2 MAXTRANS 255 COMPUTE STATISTICS 
  STORAGE(INITIAL 65536 NEXT 1048576 MINEXTENTS 1 MAXEXTENTS 2147483645
  PCTINCREASE 0 FREELISTS 1 FREELIST GROUPS 1 BUFFER_POOL DEFAULT FLASH_CACHE DEFAULT CELL_FLASH_CACHE DEFAULT)
  TABLESPACE "SYSTEM"  ENABLE;
  ALTER TABLE "MINI"."GOODS_CATEGORY" MODIFY ("CATECODE" NOT NULL ENABLE);
  ALTER TABLE "MINI"."GOODS_CATEGORY" MODIFY ("CATENAME" NOT NULL ENABLE);
--------------------------------------------------------
--  Constraints for Table TBL_CART
--------------------------------------------------------

  ALTER TABLE "MINI"."TBL_CART" ADD PRIMARY KEY ("CARTNUM", "USERID")
  USING INDEX PCTFREE 10 INITRANS 2 MAXTRANS 255 COMPUTE STATISTICS 
  STORAGE(INITIAL 65536 NEXT 1048576 MINEXTENTS 1 MAXEXTENTS 2147483645
  PCTINCREASE 0 FREELISTS 1 FREELIST GROUPS 1 BUFFER_POOL DEFAULT FLASH_CACHE DEFAULT CELL_FLASH_CACHE DEFAULT)
  TABLESPACE "SYSTEM"  ENABLE;
  ALTER TABLE "MINI"."TBL_CART" MODIFY ("CARTSTOCK" NOT NULL ENABLE);
  ALTER TABLE "MINI"."TBL_CART" MODIFY ("GDSNUM" NOT NULL ENABLE);
  ALTER TABLE "MINI"."TBL_CART" MODIFY ("USERID" NOT NULL ENABLE);
  ALTER TABLE "MINI"."TBL_CART" MODIFY ("CARTNUM" NOT NULL ENABLE);
--------------------------------------------------------
--  Constraints for Table TBL_GOODS
--------------------------------------------------------

  ALTER TABLE "MINI"."TBL_GOODS" ADD PRIMARY KEY ("GDSNUM")
  USING INDEX PCTFREE 10 INITRANS 2 MAXTRANS 255 COMPUTE STATISTICS 
  STORAGE(INITIAL 65536 NEXT 1048576 MINEXTENTS 1 MAXEXTENTS 2147483645
  PCTINCREASE 0 FREELISTS 1 FREELIST GROUPS 1 BUFFER_POOL DEFAULT FLASH_CACHE DEFAULT CELL_FLASH_CACHE DEFAULT)
  TABLESPACE "SYSTEM"  ENABLE;
  ALTER TABLE "MINI"."TBL_GOODS" MODIFY ("GDSPRICE" NOT NULL ENABLE);
  ALTER TABLE "MINI"."TBL_GOODS" MODIFY ("CATECODE" NOT NULL ENABLE);
  ALTER TABLE "MINI"."TBL_GOODS" MODIFY ("GDSNAME" NOT NULL ENABLE);
  ALTER TABLE "MINI"."TBL_GOODS" MODIFY ("GDSNUM" NOT NULL ENABLE);
--------------------------------------------------------
--  Constraints for Table TBL_MEMBER
--------------------------------------------------------

  ALTER TABLE "MINI"."TBL_MEMBER" ADD PRIMARY KEY ("USERID")
  USING INDEX PCTFREE 10 INITRANS 2 MAXTRANS 255 COMPUTE STATISTICS 
  STORAGE(INITIAL 65536 NEXT 1048576 MINEXTENTS 1 MAXEXTENTS 2147483645
  PCTINCREASE 0 FREELISTS 1 FREELIST GROUPS 1 BUFFER_POOL DEFAULT FLASH_CACHE DEFAULT CELL_FLASH_CACHE DEFAULT)
  TABLESPACE "SYSTEM"  ENABLE;
  ALTER TABLE "MINI"."TBL_MEMBER" MODIFY ("USERPHON" NOT NULL ENABLE);
  ALTER TABLE "MINI"."TBL_MEMBER" MODIFY ("USERNAME" NOT NULL ENABLE);
  ALTER TABLE "MINI"."TBL_MEMBER" MODIFY ("USERPASS" NOT NULL ENABLE);
  ALTER TABLE "MINI"."TBL_MEMBER" MODIFY ("USERID" NOT NULL ENABLE);
--------------------------------------------------------
--  Constraints for Table TBL_ORDER
--------------------------------------------------------

  ALTER TABLE "MINI"."TBL_ORDER" ADD PRIMARY KEY ("ORDERID")
  USING INDEX PCTFREE 10 INITRANS 2 MAXTRANS 255 COMPUTE STATISTICS 
  STORAGE(INITIAL 65536 NEXT 1048576 MINEXTENTS 1 MAXEXTENTS 2147483645
  PCTINCREASE 0 FREELISTS 1 FREELIST GROUPS 1 BUFFER_POOL DEFAULT FLASH_CACHE DEFAULT CELL_FLASH_CACHE DEFAULT)
  TABLESPACE "SYSTEM"  ENABLE;
  ALTER TABLE "MINI"."TBL_ORDER" MODIFY ("AMOUNT" NOT NULL ENABLE);
  ALTER TABLE "MINI"."TBL_ORDER" MODIFY ("ORDERPHON" NOT NULL ENABLE);
  ALTER TABLE "MINI"."TBL_ORDER" MODIFY ("USERADDR3" NOT NULL ENABLE);
  ALTER TABLE "MINI"."TBL_ORDER" MODIFY ("USERADDR2" NOT NULL ENABLE);
  ALTER TABLE "MINI"."TBL_ORDER" MODIFY ("USERADDR1" NOT NULL ENABLE);
  ALTER TABLE "MINI"."TBL_ORDER" MODIFY ("ORDERREC" NOT NULL ENABLE);
  ALTER TABLE "MINI"."TBL_ORDER" MODIFY ("USERID" NOT NULL ENABLE);
  ALTER TABLE "MINI"."TBL_ORDER" MODIFY ("ORDERID" NOT NULL ENABLE);
--------------------------------------------------------
--  Constraints for Table TBL_ORDER_DETAILS
--------------------------------------------------------

  ALTER TABLE "MINI"."TBL_ORDER_DETAILS" ADD PRIMARY KEY ("ORDERDETAILSNUM")
  USING INDEX PCTFREE 10 INITRANS 2 MAXTRANS 255 COMPUTE STATISTICS 
  STORAGE(INITIAL 65536 NEXT 1048576 MINEXTENTS 1 MAXEXTENTS 2147483645
  PCTINCREASE 0 FREELISTS 1 FREELIST GROUPS 1 BUFFER_POOL DEFAULT FLASH_CACHE DEFAULT CELL_FLASH_CACHE DEFAULT)
  TABLESPACE "SYSTEM"  ENABLE;
  ALTER TABLE "MINI"."TBL_ORDER_DETAILS" MODIFY ("CARTSTOCK" NOT NULL ENABLE);
  ALTER TABLE "MINI"."TBL_ORDER_DETAILS" MODIFY ("GDSNUM" NOT NULL ENABLE);
  ALTER TABLE "MINI"."TBL_ORDER_DETAILS" MODIFY ("ORDERID" NOT NULL ENABLE);
  ALTER TABLE "MINI"."TBL_ORDER_DETAILS" MODIFY ("ORDERDETAILSNUM" NOT NULL ENABLE);
--------------------------------------------------------
--  Constraints for Table TBL_REPLY
--------------------------------------------------------

  ALTER TABLE "MINI"."TBL_REPLY" ADD PRIMARY KEY ("GDSNUM", "REPNUM")
  USING INDEX PCTFREE 10 INITRANS 2 MAXTRANS 255 COMPUTE STATISTICS 
  STORAGE(INITIAL 65536 NEXT 1048576 MINEXTENTS 1 MAXEXTENTS 2147483645
  PCTINCREASE 0 FREELISTS 1 FREELIST GROUPS 1 BUFFER_POOL DEFAULT FLASH_CACHE DEFAULT CELL_FLASH_CACHE DEFAULT)
  TABLESPACE "SYSTEM"  ENABLE;
  ALTER TABLE "MINI"."TBL_REPLY" MODIFY ("REPCON" NOT NULL ENABLE);
  ALTER TABLE "MINI"."TBL_REPLY" MODIFY ("REPNUM" NOT NULL ENABLE);
  ALTER TABLE "MINI"."TBL_REPLY" MODIFY ("USERID" NOT NULL ENABLE);
  ALTER TABLE "MINI"."TBL_REPLY" MODIFY ("GDSNUM" NOT NULL ENABLE);
--------------------------------------------------------
--  Ref Constraints for Table GOODS_CATEGORY
--------------------------------------------------------

  ALTER TABLE "MINI"."GOODS_CATEGORY" ADD FOREIGN KEY ("CATECODEREF")
	  REFERENCES "MINI"."GOODS_CATEGORY" ("CATECODE") ENABLE;
--------------------------------------------------------
--  Ref Constraints for Table TBL_CART
--------------------------------------------------------

  ALTER TABLE "MINI"."TBL_CART" ADD CONSTRAINT "TBL_CART_GDSNUM" FOREIGN KEY ("GDSNUM")
	  REFERENCES "MINI"."TBL_GOODS" ("GDSNUM") ENABLE;
  ALTER TABLE "MINI"."TBL_CART" ADD CONSTRAINT "TBL_CART_USERID" FOREIGN KEY ("USERID")
	  REFERENCES "MINI"."TBL_MEMBER" ("USERID") ENABLE;
--------------------------------------------------------
--  Ref Constraints for Table TBL_GOODS
--------------------------------------------------------

  ALTER TABLE "MINI"."TBL_GOODS" ADD CONSTRAINT "FK_GOODS_CATEGORY" FOREIGN KEY ("CATECODE")
	  REFERENCES "MINI"."GOODS_CATEGORY" ("CATECODE") ENABLE;
--------------------------------------------------------
--  Ref Constraints for Table TBL_ORDER
--------------------------------------------------------

  ALTER TABLE "MINI"."TBL_ORDER" ADD CONSTRAINT "TBL_ORDER_USERID" FOREIGN KEY ("USERID")
	  REFERENCES "MINI"."TBL_MEMBER" ("USERID") ENABLE;
--------------------------------------------------------
--  Ref Constraints for Table TBL_ORDER_DETAILS
--------------------------------------------------------

  ALTER TABLE "MINI"."TBL_ORDER_DETAILS" ADD CONSTRAINT "TBL_ORDER_DETAILS_ORDERID" FOREIGN KEY ("ORDERID")
	  REFERENCES "MINI"."TBL_ORDER" ("ORDERID") ENABLE;
--------------------------------------------------------
--  Ref Constraints for Table TBL_REPLY
--------------------------------------------------------

  ALTER TABLE "MINI"."TBL_REPLY" ADD CONSTRAINT "TBL_REPLY_GDSNUM" FOREIGN KEY ("GDSNUM")
	  REFERENCES "MINI"."TBL_GOODS" ("GDSNUM") ENABLE;
  ALTER TABLE "MINI"."TBL_REPLY" ADD CONSTRAINT "TBL_REPLY_USERID" FOREIGN KEY ("USERID")
	  REFERENCES "MINI"."TBL_MEMBER" ("USERID") ENABLE;
